{
  "collision_mean": [
    0.0,
    0.102803738317757,
    0.20535714285714285,
    0.11818181818181818,
    0.12149532710280374,
    0.12962962962962962,
    0.09259259259259259,
    0.07476635514018691,
    0.0660377358490566,
    0.04716981132075472,
    0.0660377358490566,
    0.04807692307692308,
    0.08411214953271028,
    0.056074766355140186,
    0.05714285714285714,
    0.0196078431372549,
    0.05660377358490566,
    0.06666666666666667,
    0.02912621359223301,
    0.07547169811320754
  ],
  "collision_mean_T": [
    100,
    10139,
    20217,
    30313,
    40392,
    50427,
    60432,
    70473,
    80503,
    90592,
    100691,
    110697,
    120772,
    130856,
    140897,
    150969,
    160975,
    171022,
    181093,
    191133
  ],
  "distance_from_start_mean": [
    0.0,
    0.0,
    0.0,
    0.0,
    0.0,
    0.0,
    0.0,
    0.0,
    0.0,
    0.0,
    0.0,
    0.0,
    0.0,
    0.0,
    0.0,
    0.0,
    0.0,
    0.0,
    0.0,
    0.0
  ],
  "distance_from_start_mean_T": [
    100,
    10139,
    20217,
    30313,
    40392,
    50427,
    60432,
    70473,
    80503,
    90592,
    100691,
    110697,
    120772,
    130856,
    140897,
    150969,
    160975,
    171022,
    181093,
    191133
  ],
  "ep_length_mean": [
    100.0,
    93.82242990654206,
    89.98214285714286,
    91.78181818181818,
    94.19626168224299,
    92.91666666666667,
    92.63888888888889,
    93.8411214953271,
    94.62264150943396,
    95.17924528301887,
    95.27358490566037,
    96.21153846153847,
    94.1588785046729,
    94.24299065420561,
    95.62857142857143,
    98.74509803921569,
    94.39622641509433,
    95.68571428571428,
    97.77669902912622,
    94.71698113207547
  ],
  "ep_length_mean_T": [
    100,
    10139,
    20217,
    30313,
    40392,
    50427,
    60432,
    70473,
    80503,
    90592,
    100691,
    110697,
    120772,
    130856,
    140897,
    150969,
    160975,
    171022,
    181093,
    191133
  ],
  "episode": [
    541,
    1071,
    1595
  ],
  "episode_T": [
    50027,
    100075,
    150169
  ],
  "epsilon": [
    1.0,
    0.8092590000000001,
    0.617777,
    0.425953,
    0.2344520000000001,
    0.05,
    0.05,
    0.05,
    0.05,
    0.05,
    0.05,
    0.05,
    0.05,
    0.05,
    0.05,
    0.05,
    0.05,
    0.05,
    0.05,
    0.05
  ],
  "epsilon_T": [
    100,
    10139,
    20217,
    30313,
    40392,
    50427,
    60432,
    70473,
    80503,
    90592,
    100691,
    110697,
    120772,
    130856,
    140897,
    150969,
    160975,
    171022,
    181093,
    191133
  ],
  "goal_mean": [
    0.0,
    0.018691588785046728,
    0.017857142857142856,
    0.03636363636363636,
    0.0,
    0.009259259259259259,
    0.009259259259259259,
    0.009345794392523364,
    0.009433962264150943,
    0.009433962264150943,
    0.0,
    0.009615384615384616,
    0.0,
    0.018691588785046728,
    0.0,
    0.0,
    0.009433962264150943,
    0.0,
    0.0,
    0.009433962264150943
  ],
  "goal_mean_T": [
    100,
    10139,
    20217,
    30313,
    40392,
    50427,
    60432,
    70473,
    80503,
    90592,
    100691,
    110697,
    120772,
    130856,
    140897,
    150969,
    160975,
    171022,
    181093,
    191133
  ],
  "grad_norm": [
    0.1772402971982956,
    0.1903456300497055,
    0.5038937926292419,
    0.4205864667892456,
    0.8571908473968506,
    0.7217363715171814,
    1.8011958599090576,
    0.8642467856407166,
    1.4187577962875366,
    1.4412626028060913,
    1.4359453916549683,
    1.4167015552520752,
    2.1215975284576416,
    1.8857754468917847,
    1.6896255016326904,
    1.4147717952728271,
    1.1876846551895142,
    6.0511860847473145,
    6.9055681228637695,
    2.732165575027466
  ],
  "grad_norm_T": [
    2947,
    13007,
    23090,
    33098,
    43138,
    53143,
    63237,
    73314,
    83352,
    93354,
    103407,
    113434,
    123472,
    133565,
    143597,
    153669,
    163671,
    173751,
    183795,
    193840
  ],
  "loss": [
    1.0220801830291748,
    0.7835949063301086,
    0.5915753245353699,
    0.49520963430404663,
    0.4148375689983368,
    0.4282372295856476,
    0.3540465235710144,
    0.34380581974983215,
    0.3905262053012848,
    0.28728801012039185,
    0.34181007742881775,
    0.30868494510650635,
    0.37793728709220886,
    0.3002549707889557,
    0.3559699058532715,
    0.3430218994617462,
    0.3646523654460907,
    0.3908628523349762,
    0.44203460216522217,
    0.42952150106430054
  ],
  "loss_T": [
    2947,
    13007,
    23090,
    33098,
    43138,
    53143,
    63237,
    73314,
    83352,
    93354,
    103407,
    113434,
    123472,
    133565,
    143597,
    153669,
    163671,
    173751,
    183795,
    193840
  ],
  "q_taken_mean": [
    -0.020143729612145295,
    -0.047556807484004524,
    0.0491194903531814,
    0.06042676187184531,
    0.13354686176788852,
    0.12852417348467143,
    0.2575466157371666,
    0.27006190624460835,
    0.3399560555097992,
    0.4309178775118798,
    0.46932787625294814,
    0.4875589689609294,
    0.5031340049205226,
    0.36952676005747126,
    0.5061010412267737,
    0.7046768035378345,
    0.581295654213351,
    0.6457827959162298,
    0.7644535122686715,
    0.7367839077944811
  ],
  "q_taken_mean_T": [
    2947,
    13007,
    23090,
    33098,
    43138,
    53143,
    63237,
    73314,
    83352,
    93354,
    103407,
    113434,
    123472,
    133565,
    143597,
    153669,
    163671,
    173751,
    183795,
    193840
  ],
  "return_mean": [
    {
      "dtype": "float64",
      "py/object": "numpy.float64",
      "value": -1270.0
    },
    {
      "dtype": "float64",
      "py/object": "numpy.float64",
      "value": -1327.7570093457944
    },
    {
      "dtype": "float64",
      "py/object": "numpy.float64",
      "value": -1157.232142857143
    },
    {
      "dtype": "float64",
      "py/object": "numpy.float64",
      "value": -1024.7727272727273
    },
    {
      "dtype": "float64",
      "py/object": "numpy.float64",
      "value": -1024.2056074766356
    },
    {
      "dtype": "float64",
      "py/object": "numpy.float64",
      "value": -999.2129629629629
    },
    {
      "dtype": "float64",
      "py/object": "numpy.float64",
      "value": -911.574074074074
    },
    {
      "dtype": "float64",
      "py/object": "numpy.float64",
      "value": -916.2616822429907
    },
    {
      "dtype": "float64",
      "py/object": "numpy.float64",
      "value": -961.6981132075472
    },
    {
      "dtype": "float64",
      "py/object": "numpy.float64",
      "value": -969.8584905660377
    },
    {
      "dtype": "float64",
      "py/object": "numpy.float64",
      "value": -956.9811320754717
    },
    {
      "dtype": "float64",
      "py/object": "numpy.float64",
      "value": -1009.375
    },
    {
      "dtype": "float64",
      "py/object": "numpy.float64",
      "value": -960.2336448598131
    },
    {
      "dtype": "float64",
      "py/object": "numpy.float64",
      "value": -1063.6448598130842
    },
    {
      "dtype": "float64",
      "py/object": "numpy.float64",
      "value": -955.2380952380952
    },
    {
      "dtype": "float64",
      "py/object": "numpy.float64",
      "value": -1040.5392156862745
    },
    {
      "dtype": "float64",
      "py/object": "numpy.float64",
      "value": -1024.7641509433963
    },
    {
      "dtype": "float64",
      "py/object": "numpy.float64",
      "value": -1020.4285714285714
    },
    {
      "dtype": "float64",
      "py/object": "numpy.float64",
      "value": -1001.1650485436893
    },
    {
      "dtype": "float64",
      "py/object": "numpy.float64",
      "value": -1006.4622641509434
    }
  ],
  "return_mean_T": [
    100,
    10139,
    20217,
    30313,
    40392,
    50427,
    60432,
    70473,
    80503,
    90592,
    100691,
    110697,
    120772,
    130856,
    140897,
    150969,
    160975,
    171022,
    181093,
    191133
  ],